번호,자재ID,자재명,대분류,중분류,단위,규격,가격,색상,재고,공급업체,지점,메모
,,003LW,바구니 / 화기,도자기,,,20000,,8,,,
,,개나리자스민,식물,관엽소형,,기타,3500,기타,2,강남농원,,
,,개미취,생화,필러플라워,,기타,5000,기타,1,일산플라워-양재,,
,,거베라  스파이더 미니 크림스핀,생화,거베라류,,기타,8500,흰색,1,월드플로라,,
,,거베라 - 미니 스노우,생화,거베라류,,기타,13000,흰색,10,월드플로라,,
,,거베라 - 미니 쥬나,생화,거베라류,,,7500,,3,,,
,,거베라 - 미니 캐럿,생화,거베라류,,,14000,,1,,,
,,거베라 - 미니 핑크,생화,거베라류,,기타,9000,핑크,1,월드플로라,,
,,거베라 - 스파이더 노랑,생화,거베라류,,,11500,옐로우,1,,,
,,거베라 - 스파이더 화이트,생화,거베라류,,기타,12000,흰색,1,월드플로라,,
,,거베라 미니 다크레드,생화,거베라류,,,20000,레드,1,,,
,,거베라 미니 듀엣,생화,거베라류,,기타,9500,기타,1,월드플로라,,
,,거베라 미니 딕슨,생화,거베라류,,,8500,,1,,,
,,거베라 미니 레드,생화,거베라류,,기타,6200,레드,1,월드플로라,,
,,거베라 미니 레드 흑심,생화,거베라류,,,9000,레드,1,,,
,,거베라 미니 마카롱,생화,거베라류,,,8900,,2,,,
,,거베라 미니 미키,생화,거베라류,,,8900,,1,,,
,,거베라 미니 밀레이디,생화,거베라류,,,11040,,2,,,
,,거베라 미니 버건디,생화,거베라류,,,14500,,1,,,
,,거베라 미니 뷀타 (국산),생화,거베라류,,,9000,,1,,,
,,거베라 미니 서퍼,생화,거베라류,,,6100,,2,,,
,,거베라 미니 센시니,생화,거베라류,,,14880,,1,,,
,,거베라 미니 써닛,생화,거베라류,,,14000,,1,,,
,,거베라 미니 아이보리,생화,거베라류,,,14000,,1,,,
,,거베라 미니 아키노,생화,거베라류,,,9000,,1,,,
,,거베라 미니 연핑크,생화,거베라류,,,11500,핑크,5,,,
,,거베라 미니 연핑크 상 (국산),생화,거베라류,,,7000,핑크,1,월드플로라,,
,,거베라 미니 옐로우,생화,거베라류,,기타,5000,옐로우,2,일산플라워,,
,,거베라 미니 오렌지샤인,생화,거베라류,,,9500,오렌지,1,,,
,,거베라 미니 이즈칸테,생화,거베라류,,기타,11520,기타,3,월드플로라,,
,,거베라 미니 진노랑,생화,거베라류,,기타,9000,옐로우,2,월드플로라,,
,,거베라 미니 진핑크,생화,거베라류,,,14000,핑크,1,,,
,,거베라 미니 치얼스,생화,거베라류,,,8500,,1,,,
,,거베라 미니 카페,생화,거베라류,,,7500,,1,,,
,,거베라 미니 캐럿 (국산),생화,거베라류,,,9000,,1,,,
,,거베라 미니 커런트,생화,거베라류,,,9000,,1,,,
,,거베라 미니 피치,생화,거베라류,,,7500,핑크,1,,,
,,거베라 미니 핑크코랄,생화,거베라류,,,10000,핑크,1,,,
,,거베라 미니화이트,생화,거베라류,,,8000,흰색,1,,,
,,거베라 스파이더 망고,생화,거베라류,,,16500,오렌지,1,,,
,,거베라 스파이더 미니 레드,생화,거베라류,,,9000,레드,3,,,
,,거베라 스파이더 미니 레드 흑심,생화,거베라류,,기타,7500,레드,1,월드플로라,,
,,거베라 스파이더 미니 오렌지,생화,거베라류,,,8000,오렌지,1,,,
,,거베라 스파이더 미니크림스핀,생화,거베라류,,,12000,흰색,1,월드플로라,,
,,거베라 스파이더 센시니,생화,거베라류,,기타,11040,기타,1,월드플로라,,
,,거베라 스파이더 오렌지,생화,거베라류,,기타,6240,오렌지,1,월드플로라,,
,,거베라 스파이더 주황,생화,거베라류,1단,10대,7000,오렌지,1,꽃동산,,
,,거베라 스파이더 진핑크,생화,거베라류,,,11500,핑크,1,,,
,,거베라 스파이더 화이트,생화,거베라류,,기타,6000,흰색,1,일산플라워,,
,,거베라 파스타 카보나라,생화,거베라류,,기타,7488,기타,1,월드플로라,,
,,거베라 파스타 페사로,생화,거베라류,,,9000,,1,,,
,,거베라 파스타 피치,생화,거베라류,,,9000,핑크,1,,,
,,거베라 파스티니 체세나,생화,거베라류,,기타,7000,기타,1,월드플로라,,
,,거베라 파스티니 페사로,생화,거베라류,,,8900,,1,,,
,,거베라 폼포니 옐로우,생화,거베라류,,,8000,옐로우,1,,,
,,거베라 폼포니 체리와인,생화,거베라류,,기타,8500,기타,1,월드플로라,,
,,거베라 폼포니 핑크,생화,거베라류,,,16500,핑크,1,,,
,,거베라 피콜리니,생화,거베라류,,,3000,,2,,,
,,거베라 피콜리니 화이트,생화,거베라류,,기타,6500,흰색,1,월드플로라,,
,,거베라 피콜리니 화이트심,생화,거베라류,,,8500,흰색,1,,,
,,거베라 핑크,생화,거베라류,,,3000,핑크,2,,,
,,거북알로카시아,식물,관엽소형,,기타,2500,기타,2,세자매농원,,
,,계피스틱,생화,소재(그린),,,9600,,1,,,
,,고블렛와인잔,바구니  / 화기,유리,,기타,2900,기타,50,이케아,,
,,골풀 포트,식물,관엽소형,,,2500,,2,,,
,,공작 - 아스타 보라,생화,필러플라워,,,7000,퍼플,1,,,
,,공작 - 아스타 핑크,생화,필러플라워,,기타,11500,핑크,3,월드플로라,,
,,공작 - 아스타 화이트,생화,필러플라워,,,9000,흰색,1,,,
,,공작 - 화이트,생화,필러플라워,,,12000,흰색,5,,,
,,공작 겹 화이트,생화,필러플라워,,,15800,흰색,1,,,
,,공작 아스타 연핑크,생화,필러플라워,,,11500,핑크,1,,,
,,과꽃 미니 레드,생화,필러플라워,,,5000,레드,1,,,
,,과꽃 퍼플,생화,필러플라워,,기타,7000,퍼플,1,일산플라워,,
,,과꽃 핑크,생화,필러플라워,,,9000,핑크,1,,,
,,광택제,소모품 및 부자재,원예자재,,,15000,,3,,,
,,괴마옥,식물,관엽소형,,기타,4000,기타,3,세종식물원,,
,,구상나무,식물,관엽소형,,,8000,,1,,,
,,국화 디스버드,생화,국화류,,,7075,,5,,,
,,국화라포르화이트특3,생화,국화류,,기타,5725,흰색,1,꽃도매119,,
,,국화퍼플링,생화,국화류,,,7075,퍼플,1,,,
,,그린킬,소모품 및 부자재,원예자재,,,2000,그린,10,,,
,,글라디올라스 화이트,생화,라인플라워,,기타,19200,흰색,11,월드플로라,,
,,글라디올러스 - 미니 앰버,생화,라인플라워,,기타,12500,기타,1,월드플로라,,
,,글라디올러스 노랑,생화,라인플라워,,,16500,옐로우,1,,,
,,글라디올러스 미니 서머주얼 (네덜란드),생화,라인플라워,,,11800,,1,,,
,,글라디올러스 미니 서머주얼 10대,생화,라인플라워,,,12500,,1,,,
,,글라디올러스 오아시스 (국산),생화,라인플라워,,,12200,,1,,,
,,금어초,생화,라인플라워,,기타,4000,기타,2,일산플라워,,
,,금어초 - 핑크,생화,라인플라워,,기타,16800,핑크,1,월드플로라,,
,,금어초 옐로우,생화,라인플라워,,기타,9000,옐로우,1,일산플라워,,
,,금어초 핑크복색,생화,라인플라워,,,9500,핑크,1,,,
,,금어초 화이트,생화,라인플라워,,,11800,흰색,1,,,
,,금어초레드,생화,라인플라워,,,14000,레드,1,,,
,,금전수 포트 소,식물,관엽소형,,기타,3000,기타,12,세종식물원,,
,,금전수 대품,식물,관엽대형,,,100000,,1,,,
,,금전수(완),식물,관엽대형,,,1.00E+05,,1,,,
,,기린초,생화,필러플라워,,기타,5000,기타,5,일산플라워-양재,,
,,나무피,생화,소재(그린),,,30000,,1,,,
,,나한송,식물,관엽소형,,,2000,,2,,,
,,낙산홍,생화,소재(그린),,,13000,,1,,,
,,난석 대,소모품 및 부자재,원예자재,,기타,6000,기타,6,제이앤데코,,
,,남아공 믹스,생화,소재(그린),,기타,15000,기타,1,꽃동산,,
,,남천,생화,소재(그린),,기타,5000,기타,1,꽃동산,,
,,냉이초,생화,소재(그린),,,8000,,3,,,
,,네리네 하이브리드 아프로디테,생화,폼플라워,,기타,14880,기타,1,월드플로라,,
,,노랑 튤립,생화,폼플라워,,기타,8000,옐로우,2,매일농원,,
,,녹보수 포트 대,식물,관엽중품,,,28000,,1,,,
,,녹보수 대 (완),식물,관엽대형,,,82000,,1,,,
,,높은원형바구니 3사이즈 1116,바구니  / 화기,바구니,,기타,7150,기타,4,현대데코,,
,,눈사람인형,소모품 및 부자재,데코자재,,,3170,,30,,,
,,눈사람픽,소모품 및 부자재,데코자재,,기타,3000,기타,4,마티아,,
,,다알리아 레드,생화,폼플라워,,,12500,레드,1,,,
,,다알리아 오로라 (중국),생화,폼플라워,,기타,15800,기타,1,월드플로라,,
,,다알리아 와인,생화,폼플라워,,,6000,,1,,,
,,다육 미니 포트,식물,관엽소형,,,600,,10,,,
,,대국 피오니 퐁퐁 오렌지,생화,국화류,,,10560,오렌지,1,,,
,,대국 피오니퐁퐁 염색 네이비 5대,생화,국화류,,,11500,,1,,,
,,대국 피오니퐁퐁 염색 연피치,생화,국화류,,,13000,핑크,1,,,
,,대국 피오니퐁퐁 염색 연핑크,생화,국화류,,,11500,핑크,1,,,
,,대국 피오니퐁퐁 염색 오렌지,생화,국화류,,,10500,오렌지,1,,,
,,대국 피오니퐁퐁 염색 오렌지파스텔),생화,국화류,,,11500,오렌지,1,,,
,,대국 피오니퐁퐁 염색 진핑크,생화,국화류,,,10500,핑크,1,,,
,,대국 피오니퐁퐁 염색 퍼플,생화,국화류,,,11500,퍼플,3,,,
,,더글라스,생화,소재(그린),,,7000,,2,,,
,,덴파레 피치,생화,라인플라워,,,15000,핑크,1,월드플로라,,
,,델피늄 라벤더,생화,라인플라워,,,9500,퍼플,3,,,
,,델피늄 모르포 쉬폰블루,생화,라인플라워,,기타,12480,블루,1,월드플로라,,
,,델피늄 블루 대,생화,라인플라워,,,11500,블루,1,,,
,,델피늄 연블루 대,생화,라인플라워,,,20000,블루,1,월드플로라,,
,,델피늄그랜드불루미니,생화,라인플라워,,기타,12475,기타,1,꽃도매119,,
,,도라지,생화,폼플라워,,,5000,,1,,,
,,도쿠리난(완),식물,관엽중형,,기타,15000,기타,1,송광농원,,
,,동양난 투각분 완제,식물,동양란,,,33000,,2,,,
,,동양난포트,식물,동양란,,,25000,,2,,,
,,드라코 대품 포트,식물,관엽대형,,,65000,,1,,,
,,등골나무 - 핑크,생화,폼플라워,,기타,5000,핑크,1,월드플로라,,
,,디디스커스 블루,생화,필러플라워,,,8425,블루,1,,,
,,디디스커스 연블루,생화,필러플라워,,,9000,블루,1,,,
,,디디스커스 화이트 (중국),생화,필러플라워,,기타,10500,흰색,1,월드플로라,,
,,디시디아,식물,관엽소형,,,5000,,2,,,
,,떡갈고무나무(완),식물,관엽대형,,,80000,,1,,,
,,라넌큘러스 레드,생화,폼플라워,,기타,11520,레드,1,월드플로라,,
,,라넌큘러스 레이디 연핑크,생화,폼플라워,,,24000,핑크,1,,,
,,라넌큘러스 버터플라이 레드,생화,폼플라워,,기타,15168,레드,1,월드플로라,,
,,라넌큘러스 버터플라이 연핑크,생화,폼플라워,,,7500,핑크,1,핑크,,
,,라넌큘러스 버터플라이 크림,생화,폼플라워,,,15168,흰색,1,,,
,,라넌큘러스 버터플라이 피탈로스,생화,폼플라워,,,14000,,1,,,
,,라넌큘러스 연핑크,생화,폼플라워,,기타,12480,핑크,2,월드플로라,,
,,라넌큘러스 오렌지 (국산),생화,폼플라워,,기타,12500,오렌지,1,월드플로라,,
,,라넌큘러스 크림,생화,폼플라워,,,11500,흰색,1,월드플로라,,
,,라넌큘러스 피치,생화,폼플라워,,기타,9504,핑크,2,월드플로라,,
,,라넌큘러스 화이트,생화,폼플라워,,,12000,흰색,1,흰색,,
,,라바스톤 3-5,소모품 및 부자재,원예자재,,기타,14000,기타,1,유선농원,,
,,라바스톤 5-7,소모품 및 부자재,원예자재,,,14000,,1,,,
,,라벤다,생화,라인플라워,,기타,15000,기타,1,꽃동산,,
,,라이스플라워 핑크 ,생화,필러플라워,,기타,15500,핑크,1,월드플로라,,
,,러넌큘러스 노랑,생화,폼플라워,,기타,10500,옐로우,1,월드플로라,,
,,레드베리,생화,필러플라워,,,13000,레드,3,,,
,,루돌프픽,소모품 및 부자재,데코자재,,,3900,,12,,,
,,루드베키아,생화,필러플라워,,,8500,,1,,,
,,루비고무나무 완제-시멘트분,식물,관엽중형,,기타,28000,기타,2,채아네가든,,
,,루스커스 중,생화,소재(그린),,,8000,,5,,,
,,루스커스장대,생화,소재(그린),,,10000,,3,,,
,,리시안 라벤더,생화,리시안서스류,,,8000,퍼플,1,,,
,,리시안서스 보야주화이트,생화,리시안서스류,,,11500,흰색,1,,,
,,리시안서스 샴페인,생화,리시안서스류,,,16500,,1,,,
,,리시안서스 셀렙 피리티핑크,생화,리시안서스류,,기타,22000,핑크,1,월드플로라,,
,,리시안서스 졸리핑크,생화,리시안서스류,,,7000,핑크,1,,,
,,리시안서스 코레리라이트핑크,생화,리시안서스류,,,14000,핑크,1,,,
,,리시안서스 크로마화이트,생화,리시안서스류,,기타,18720,흰색,7,월드플로라,,
,,리시안서스 퓨어화이트,생화,리시안서스류,,,15500,흰색,1,,,
,,리시안서스-화이트,생화,리시안서스류,,,13000,흰색,1,흰색,,
,,리시안셔스 그레이프 라벤더,생화,리시안서스류,,,18500,퍼플,1,,,
,,리엔소그림화기3사이즈,바구니 / 화기,도자기,,기타,23100,기타,2,현대데코,,
,,마가렛,생화,필러플라워,,,9000,,1,,,
,,마사토 중립,소모품 및 부자재,원예자재,,,5000,,1,,,
,,마지나타,식물,관엽대형,,기타,25000,기타,1,낙타농원,,
,,마지나타 레인보우 포트 대,식물,관엽대형,,,30000,,1,,,
,,만냥금,식물,관엽중형,,기타,25000,기타,1,채아네,,
,,만천홍 분화,식물,서양란,,,55000,,30,,,
,,망고튤립,생화,폼플라워,,,13000,오렌지,2,꽃동산,,
,,맨드라미 - 오렌지,생화,폼플라워,,기타,6500,오렌지,1,월드플로라,,
,,맨드라미 노랑,생화,폼플라워,,,5500,옐로우,1,,,
,,맨드라미 와인,생화,폼플라워,,,6500,,1,,,
,,메리골드 - 노랑,생화,폼플라워,,기타,9500,옐로우,3,월드플로라,,
,,메리골드 바닐라,생화,폼플라워,,,12000,옐로우,1,,,
,,메리골드 주황,생화,폼플라워,,,9500,옐로우,7,,,
,,멕시칸세이지,생화,라인플라워,,,7000,,1,,,
,,모카라 레드,생화,라인플라워,,,8000,레드,11,,,
,,모카라 레드,생화,라인플라워,,기타,8000,레드,3,꽃나라,,
,,모카라 오렌지,생화,라인플라워,,,8500,오렌지,1,,,
,,모카라 퍼플,생화,라인플라워,,,8500,퍼플,1,,,
,,몬스테라 분화,식물,관엽소형,,,2000,,2,,,
,,몬스테라 히메 분화,식물,관엽소형,,,2500,,6,,,
,,몬스테라(완),식물,관엽중형,,대,25000,Green,21,플라워팜,,
,,무늬아이비 분화 포트 소,식물,관엽소형,,,3000,,2,,,
,,무늬크로톤 분화 포트 소,식물,관엽소형,,,2500,,2,,,
,,무늬홍콩 포트 소,식물,관엽소형,,기타,2000,기타,2,수림원,,
,,문샤인 포트,식물,관엽소형,,,4000,,4,,,
,,물주머니용 위생백 소,소모품 및 부자재,포장재,,,2000,,1,,,
,,미니 델피늄 - 쉬폰블루,생화,라인플라워,,기타,15500,블루,1,월드플로라,,
,,미니 델피늄 그랜드블루 특 (국산),생화,라인플라워,,기타,17000,블루,1,월드폴로라,,
,,미니 델피늄 라벤더 (국산),생화,라인플라워,,기타,15000,퍼플,1,월드플로라,,
,,미니장미 - 실바써니,생화,장미류,,기타,7000,기타,1,꽃동산,,
,,미니장미 선글로우,생화,장미류,,기타,15000,기타,1,강남(중매1659),,
,,미니장미-팔레그리아,생화,장미류,,기타,15000,기타,2,다원화뭔160호,,
,,미니털모자,소모품 및 부자재,포장재,,,2000,,1,,,
,,미니트리,조화,트리류,,기타,3000,기타,23,마티아,,
,,미스티블루 환타지아,생화,필러플라워,,기타,13000,블루,1,꽃동산,,
,,바구니 배불데기,바구니  / 화기,바구니,,기타,3850,기타,10,헌인자재,,
,,바구니 왕골 비너스 소,소모품 및 부자재,바구니,,기타,3800,기타,4,헌인자재,,
,,바구니 왕골 비너스 중,소모품 및 부자재,바구니,,,4500,,10,,,
,,바로크벤자민 포트,식물,관엽소형,,,3500,,2,,,
,,바로크벤자민 포트,식물,관엽중형,,기타,15000,기타,1,송광농원,,
,,바크,소포품 및 부자재,원예자재,,,6500,,1,,,
,,반사공단 3.8,소포품 및 부자재,리본/텍,,,4950,,9,,,
,,반사공단 4.5,소포품 및 부자재,리본/텍,,기타,5500,기타,10,헌인자재,,
,,밥티시아,생화,라인플라워,,기타,8000,기타,4,향기꽃나라,,
,,백공작,생화,필러플라워,,기타,7000,기타,1,일산플라워,,
,,백아이비,식물,관엽소형,,기타,2000,기타,2,진성농원,,
,,백일홍 - 진핑크,생화,필러플라워,,,8500,핑크,1,,,
,,백조호접포트,식물,서양란,,,11000,,1,,,
,,백합 겹 디안타 쌍대,생화,폼플라워,,기타,19008,기타,1,월드플로라,,
,,백합 겹 이사벨라,생화,폼플라워,,기타,14400,기타,1,월드플로라,,
,,백합 겹 이사벨라,생화,폼플라워,,,15000,,1,,,
,,백합 겹 화이트,생화,폼플라워,,,18800,흰색,1,,,
,,백합 아미스타 쌍대,생화,폼플라워,,,11500,,1,,,
,,백합 오바다,생화,폼플라워,,기타,11125,기타,1,꽃도매119,,
,,백합 하이브리드 두카티 5대 (네덜란드),생화,폼플라워,,기타,15000,기타,4,월드플로라,,
,,백합 하이브리드 트윈라이프핑크,생화,폼플라워,,,15800,핑크,1,,,
,,뱅갈 고무나무 대품 완제,식물,관엽대형,,기타,60000,기타,1,채아네가든,,
,,뱅갈-유로스톤 중 완제,식물,관엽중형,,,25000,,2,,,
,,뱅갈고무나무 중 완제,식물,관엽중형,,기타,20000,기타,1,낙타농원,,
,,뱅갈원형 완제,식물,관엽중품,,,3500,,1,,,
,,베로니카,생화,필러플라워,,,5000,,1,,,
,,벤자민고무나무완제,식물,관엽소형,,기타,12000,기타,2,채아네가든,,
,,벤자민고무나무완제 중,식물,관엽중형,,,25000,,1,,,
,,벨벳리본 0.6,소포품 및 부자재,리본/텍,,,3850,,1,,,
,,보석금전수포트 소,식물,관엽소형,,,8000,,2,,,
,,보석금전수포트 중,식물,관엽중형,,,15000,,4,,,
,,부들레아 화이트,생화,폼플라워,,기타,7000,흰색,1,일산플라워-양재,,
,,부들레야 옐로우,생화,폼플라워,,,6000,옐로우,1,,,
,,부바르디아 화이트,생화,필러플라워,,,8000,흰색,1,,,
,,부직롤,소모품 및 부자재,포장재,,,3300,,5,,,
,,부직포롤,소모품 및 부자재,포장재,,,3300,,4,,,
,,부케와이어,소모품 및 부자재,포장재,,,5500,,1,,,
,,블랙잭수입,생화,소재(그린),,,13000,블랙,1,,,
,,블루옥시,생화,필러,,기타,5800,블루,1,월드플로라,,
,,비너스바구니 중,바구니 / 화기,바구니,,,3500,,5,,,
,,비단향,생화,소재(그린),,,5000,,1,,,
,,비부리움,생화,소재(그린),,,5000,,1,,,
,,사루비아,생화,필러플라워,,,4000,,1,,,
,,산딸,생화,소재(그린),,기타,7000,기타,3,대명소재,,
,,산초 포트 소,식물,관엽소형,,,2500,,3,,,
,,산타픽,소모품 및 부자재,데코자재,,기타,2880,기타,16,마티아,,
,,색화지,소모품 및 부자재,포장재,,,12100,,2,,,
,,샤무드,소모품 및 부자재,리본/텍,,,6050,,4,,,
,,서양난 라디아타,식물,서양란,,기타,18000,기타,1,억불농원,,
,,서양난 르네,식물,서양란,,,9000,,2,,,
,,서양난 르네,식물,서양란,,,9000,,2,,,
,,서양난 르네,식물,서양란,,,9000,,2,,,
,,서양난 보자기난,식물,서양란,,,25000,,2,,,
,,서양난 블루베리,식물,서양란,,,9000,블루,1,,,
,,서양난 블루사파이어,식물,서양란,,기타,12000,블루,2,한성난원,,
,,서양난 선셋,식물,서양란,,,10000,,1,,,
,,서양난 엘레강스,식물,서양란,,기타,13000,기타,2,한성난원,,
,,서양난 오렌지,식물,서양란,,,9000,오렌지,3,,,
,,서양난 줄링,식물,서양란,,,22000,,1,,,
,,서양난 피치오렌지,식물,서양란,,,9000,핑크,3,,,
,,서양란 반다,생화,폼플라워,,,8000,,1,,,
,,서양란 에일리,식물,서양란,,기타,12000,기타,1,한성난원,,
,,서양란 절화 아즈마 레드,생화,라인플라워,,기타,11040,레드,4,월드플로라,,
,,석죽 레드,생화,필러플라워,,기타,12200,레드,1,월드플로라,,
,,석죽 바이칼라,생화,필러플라워,,,11500,,1,,,
,,석죽 썸머라벤다,생화,필러플라워,,,5500,,1,,,
,,석죽 코랄,생화,필러플라워,,,4800,,1,,,
,,석죽 핑크매직,생화,필러플라워,,,8900,핑크,1,,,
,,석죽 화이트 (국산),생화,필러플라워,,,8900,흰색,3,월드플로라,,
,,선인장 축전 분화,식물,선인장,,,2000,,3,,,
,,세네라리아 블루특3,생화,필러플라워,,기타,12475,블루,1,꽃도매119,,
,,세척마사 중립,소모품 및 부자재,원예자재,,,7350,,1,,,
,,셀렘 포트 중,식물,관엽중형,,,13000,,1,,,
,,소국  첫사랑,생화,국화류,,,8800,,1,,,
,,소국 - 보라미,생화,국화류,,,12500,퍼플,1,,,
,,소국 - 영크림,생화,국화류,,,5500,흰색,1,,,
,,소국 - 장미 투톤,생화,장미류,,,11000,,2,,,
,,소국 - 피치팡팡,생화,국화류,,기타,7500,핑크,1,월드플로라,,
,,소국 - 화이트캡,생화,국화류,,기타,11500,흰색,1,월드플로라,,
,,소국 다이아몬드,생화,국화류,,,10500,,1,,,
,,소국 락스 (국산),생화,국화류,,기타,6200,기타,1,월드플로라,,
,,소국 러브 노랑,생화,국화류,,,7500,옐로우,1,,,
,,소국 러브 핑크 (국산),생화,국화류,,기타,7500,핑크,1,월드플로라,,
,,소국 러브 화이트,생화,국화류,,,7500,흰색,1,,,
,,소국 레드마블,생화,국화류,,,14000,레드,1,,,
,,소국 레드마블,생화,국화류,,,14000,레드,1,,,
,,소국 바르카디스버드,생화,국화류,,,15000,,1,,,
,,소국 스위트옐로우,생화,국화류,,,8500,옐로우,1,,,
,,소국 에그 엔젤 (국산),생화,국화류,,,9000,,1,,,
,,소국 영영,생화,국화류,,,15000,,4,,,
,,소국 오렌지 팡팡,생화,국화류,,,15500,오렌지,1,,,
,,소국 장미,생화,장미류,,,13000,,1,,,
,,소국 칼리메로 스노우 5대 (베트남),생화,국화류,,기타,5500,흰색,1,월드플로라,,
,,소국 칼리메로스노우,생화,국화류,,,5500,흰색,1,,,
,,소국 큐티버블,생화,국화류,,기타,7000,기타,1,월드플로라,,
,,소국 크룸,생화,국화류,,,4000,,2,,,
,,소국 퐁퐁 옐로우,생화,국화류,,기타,8000,옐로우,2,꽃동산,,
,,소국 프로기,생화,국화류,,기타,6500,기타,1,월드플로라,,
,,소국 핑크 크림 (국산),생화,국화류,,기타,12000,흰색,1,월드플로라,,
,,소국 홍장미,생화,장미류,,,14000,,1,,,
,,소국 홍장미 투톤,생화,장미류,,,9000,,1,,,
,,소국 화이트,생화,국화류,,,5000,흰색,1,,,
,,소국 화이트캡,생화,국화류,,,5225,흰색,1,,,
,,소국 화이트캡 (국산),생화,국화류,,기타,8500,흰색,1,월드플로라,,
,,소재 - 꼬리조팝 핑크,생화,소재(그린),,기타,11500,핑크,1,월드플로라,,
,,소재 - 냉이 꽃,생화,소재(그린),,기타,10000,기타,1,월드플로라,,
,,소재 - 등골나무 - 핑크,생화,소재(그린),,기타,4500,핑크,1,월드플로라,,
,,소재 - 바다갈대,생화,소재(그린),,,6500,,1,,,
,,소재 - 보리사초,생화,소재(그린),,기타,8000,기타,1,꽃동산,,
,,소재 - 솔리다고,생화,소재(그린),,기타,8000,기타,1,월드플로라,,
,,소재 - 유니폴라,생화,소재(그린),,,12500,,2,,,
,,소재 - 잎새란,생화,소재(그린),,,7000,,1,,,
,,소재 - 줄쥐똥나무,생화,소재(그린),,,8000,,1,,,
,,소재 - 페니쿰,생화,소재(그린),,,10500,,1,,,
,,소재 - 피토스포륨,생화,소재(그린),,기타,10000,기타,1,월드플로라,,
,,소재 - 홍가시,생화,소재(그린),,기타,10000,기타,2,월드플로라,,
,,소재 강아지풀 (국산),생화,소재(그린),,,7500,,3,,,
,,소재 개나리,생화,소재(그린),,,7000,,1,대명소재,,
,,소재 골드 미스티,생화,소재(그린),,,15000,옐로우,1,,,
,,소재 기린초,생화,소재(그린),,,7500,,1,,,
,,소재 꼬리조팝,생화,소재(그린),,기타,7000,기타,1,일산플라워-양재,,
,,소재 냉이초,생화,소재(그린),,,7000,,1,,,
,,소재 당근초,생화,소재(그린),,,10000,,1,,,
,,소재 더글라스,생화,소재(그린),,,10500,,1,,,
,,소재 라보스타,생화,소재(그린),,,6000,,1,,,
,,소재 라보스타,생화,소재(그린),,,6000,,1,,,
,,소재 레몬잎,생화,소재(그린),,기타,7000,기타,6,꽃나라-양재,,
,,소재 레몬트리,생화,소재(그린),,,6500,,1,,,
,,소재 루스커스 장대,생화,소재(그린),,,10000,,1,,,
,,소재 머틀,생화,소재(그린),,,5000,,1,,,
,,소재 미모사,생화,소재(그린),,,9000,,4,,,
,,소재 미모사,생화,소재(그린),,기타,11500,기타,1,월드플로라,,
,,소재 미선,생화,소재(그린),,기타,9000,기타,1,대명소재,,
,,소재 밍크버들,생화,소재(그린),,,8000,,2,,,
,,소재 보리사초,생화,소재(그린),,,7000,,1,,,
,,소재 블루아이스,생화,소재(그린),,,15500,블루,1,,,
,,소재 사철나무,생화,소재(그린),,,5000,,1,,,
,,소재 삼나무,생화,소재(그린),,,5000,,1,,,
,,소재 서귀,생화,소재(그린),,기타,5000,기타,1,대명소재,,
,,소재 설유화,생화,소재(그린),,,5000,,1,,,
,,소재 스기나무,생화,소재(그린),,기타,7000,기타,1,월드플로라,,
,,소재 스틸그라스 (국산),생화,소재(그린),,,7500,,1,월드플로라,,
,,소재 신지매,생화,소재(그린),,,12500,,1,,,
,,소재 야자,생화,소재(그린),,기타,8500,기타,1,월드플로라,,
,,소재 에레루카골드,생화,소재(그린),,,12000,옐로우,1,,,
,,소재 역뀌,생화,소재(그린),,,11800,,1,,,
,,소재 영춘화,생화,소재(그린),,,8500,,1,,,
,,소재 오리목,생화,소재(그린),,,7000,,1,,,
,,소재 오리목 골드,생화,소재(그린),,,10000,옐로우,2,,,
,,소재 오이초,생화,소재(그린),,,5000,,13,,,
,,소재 와틀리,생화,소재(그린),,기타,8000,기타,1,대명소재,,
,,소재 유니폴라,생화,소재(그린),,,9500,,2,,,
,,소재 유카리 포퓰러스베리 그린,생화,소재(그린),,,16500,그린,1,,,
,,소재 유칼립투스 구니,생화,소재(그린),,,7500,,1,,,
,,소재 유칼립투스 블랙잭,생화,소재(그린),,,13000,블랙,1,,,
,,소재 유칼립투스 킹블랙잭,생화,소재(그린),,,12000,블랙,1,,,
,,소재 유칼립투스 폴리안,생화,소재(그린),,,7000,,1,,,
,,소재 유칼립투스블랙잭 수입,생화,소재(그린),,,13000,블랙,1,,,
,,소재 은사철,생화,소재(그린),,기타,6500,기타,1,일산플라워,,
,,소재 은엽아카시아,생화,소재(그린),,,9500,,1,,,
,,소재 이끼시아열매 (국산),생화,소재(그린),,기타,9000,기타,1,월드플로라,,
,,소재 이반호프,생화,소재(그린),,,15000,,2,,,
,,소재 자리공,생화,소재(그린),,,7000,,2,,,
,,소재 조,생화,소재(그린),,,4000,,1,,,
,,소재 조팝,생화,소재(그린),,,9000,,6,,,
,,소재 줄쥐똥나무,생화,소재(그린),,,8000,,1,,,
,,소재 쥐땅나무,생화,소재(그린),,,7000,,1,,,
,,소재 천리향,생화,소재(그린),,기타,6500,기타,1,월드플로라,,
,,소재 청쥐똥나무,생화,소재(그린),,,7500,,1,,,
,,소재 페니쿰수쿠아,생화,소재(그린),,,7000,,1,,,
,,소재 편백,생화,소재(그린),,,2500,,1,,,
,,소재 피어리스 레드 (중국),생화,소재(그린),,,9500,레드,1,,,
,,소재 허브 라벤더 잎,생화,소재(그린),,,7500,퍼플,1,,,
,,솔리다고,생화,필러플라워,,기타,6500,기타,1,월드플로라,,
,,솔방울,생화,소재(그린),,,4000,,1,,,
,,솔방울 3cm,생화,소재(그린),,,3300,,3,,,
,,수국 블루,생화,폼플라워,,,4000,블루,1,,,
,,수국 연핑크,생화,폼플라워,,기타,5500,핑크,2,월드플로라,,
,,수국 염색 연핑크,생화,폼플라워,,,4000,핑크,2,,,
,,수국 프리저브드,프리저브드,폼플라워,,기타,7700,기타,19,헌인자재,,
,,수국 화이트,생화,폼플라워,,,3500,흰색,5,,,
,,수선화,생화,폼플라워,,기타,8000,기타,1,일산플라워,,
,,수선화 겹,생화,폼플라워,,기타,4000,기타,1,일산플라워,,
,,수채화고무나무 분화,식물,관엽소형,,,2500,,2,,,
,,스노우 사파이어 포트 중,식물,관엽중형,,,7000,,2,,,
,,스노우사파이어 포트,식물,관엽중형,,기타,7000,흰색,2,세종식물원,,
,,스카비오사 블루,생화,폼플라워,,기타,8800,블루,2,월드플로라,,
,,스카비오사 옥스포드 핑크,생화,폼플라워,,,9500,핑크,1,,,
,,스카비오사 화이트,생화,폼플라워,,,9900,흰색,1,,,
,,스칸디아모스,식물,관엽소형,,,7000,,3,,,
,,스칸디아모스,식물,관엽소형,,,7000,,5,,,
,,스케이팅 산타픽,소모품 및 부자재,데코자재,,,3200,,6,,,
,,스콜,생화,필러플라워,,,8000,,1,일산플라워,,
,,스킨답서스 소 포트,식물,관엽소형,,기타,3500,기타,2,진성농원,,
,,스토크  연보라,생화,라인플라워,,,6500,퍼플,1,,,
,,스토크 아이보리,생화,라인플라워,,기타,10500,기타,1,월드플로라,,
,,스토크 아프리코트,생화,라인플라워,,,2525,,2,,,
,,스토크 연핑크,생화,라인플라워,,,9500,핑크,1,,,
,,스토크 핑크,생화,라인플라워,,기타,5000,핑크,1,꽃동산,,
,,스토크 홑 핑크,생화,라인플라워,,,6500,핑크,1,,,
,,스토크 화이트,생화,라인플라워,,,7500,흰색,1,,,
,,스투키 대 분화,식물,관엽대형,,,12000,,2,,,
,,스투키 대품 완제,식물,관엽대형,,,67000,,1,,,
,,스투키 소 분화,식물,관엽소형,,,3000,,7,,,
,,스투키 중품 완제,식물,관엽중형,,,30000,,1,,,
,,시네라리아,생화,필러플라워,,,13000,,4,일산플라워,,
,,시레네,생화,필러플라워,,,14000,,1,,,
,,심비디움 절화,생화,폼플라워,1대,1대,6000,기타,5,일산플라워,,
,,쏠리,생화,필러플라워,,,4000,,1,,,
,,아가판서스 글레셔,생화,폼플라워,,,9000,,1,,,
,,아가판서스 미니 보라,생화,폼플라워,,,7000,퍼플,1,,,
,,아게라덤,생화,필러플라워,,,7000,,1,,,
,,아네모네,생화,폼플라워,,,8000,,1,,,
,,아라우카리아 포트 소,식물,관엽소형,,,4000,,2,,,
,,아마릴리스,생화,폼플라워,,,12000,,4,,,
,,아마릴리스 레드,생화,폼플라워,,,15000,레드,10,,,
,,아마릴리스 피치,생화,폼플라워,,,15000,핑크,10,,,
,,아미초,생화,필러플라워,,,18500,,1,,,
,,아스크레피아스 - 투베로사,생화,필러플라워,,기타,11500,기타,1,월드플로라,,
,,아스크레피아스 노랑,생화,필러플라워,,,6500,옐로우,1,,,
,,아스크레피아스 투베로사,생화,필러플라워,,,12000,,1,,,
,,아스크레피아스 화이트,생화,필러플라워,,,12200,흰색,1,,,
,,아스트란시아 밀리언스타 화이트,생화,필러플라워,,,9500,흰색,1,,,
,,아스트란시아 스타오브아프리카,생화,필러플라워,,기타,12480,기타,1,월드플로라,,
,,아스트로메리아,생화,필러플라워,,기타,12000,기타,1,진주화원,,
,,아스트로메리아 써니레이디,생화,필러플라워,,기타,8900,기타,1,월드플로라,,
,,아스틸베 아발란체,생화,필러플라워,,,14400,,1,,,
,,아스틸베 애리카,생화,필러플라워,,기타,18048,기타,1,월드플로라,,
,,아스틸베 워싱턴 화이트 5대 (네덜란드),생화,필러플라워,,기타,15000,흰색,2,월드플로라,,
,,아스틸베 폴가더,생화,필러플라워,,,12000,,1,,,
,,아악무,식물,관엽중형,,,8000,,2,,,
,,아이리스 블루매직,생화,라인플라워,,기타,12000,블루,1,월드플로라,,
,,아이리스 상하이,생화,라인플라워,,,15500,,1,월드플로라,,
,,아이리스 화이트매지,생화,라인플라워,,,11520,흰색,1,,,
,,아이비 포트,식물,관엽소형,,,2200,,2,,,
,,안개소국 화이트 (국산),생화,국화류,,기타,6500,흰색,2,월드플로라,,
,,안스리움 체리스,생화,폼플라워,,기타,11500,기타,1,월드플로라,,
,,안스리움 포트,식물,관엽중형,,기타,9000,기타,4,진성농원,,
,,안스리움 포트 소 레드,식물,관엽소품,,기타,5000,레드,3,수림원,,
,,안스리움 포트 중 로얄핑크,식물,관엽중품,,기타,9000,핑크,4,수림원,,
,,안시리움 미니 레드,식물,관엽소품,,,4000,레드,2,,,
,,알륨 코와니,생화,폼플라워,,기타,6000,기타,1,일산플라워,,
,,알스트로메리아 - 버지니아 화이트,생화,필러플라워,,기타,9200,흰색,1,월드플로라,,
,,알스트로메리아 - 자주,생화,필러플라워,,기타,8000,기타,1,꽃동산,,
,,알스트로메리아 - 휘슬러 화이트,생화,필러플라워,,기타,9800,흰색,2,월드플로라,,
,,알스트로메리아 노라 진핑크,생화,필러플라워,,,9800,핑크,1,,,
,,알스트로메리아 노랑,생화,필러플라워,,,9200,핑크,1,,,
,,알스트로메리아 레드,생화,필러플라워,,,5000,레드,3,,,
,,알스트로메리아 레드 (국산),생화,필러플라워,,,5500,레드,1,월드플로라,,
,,알스트로메리아 밀라,생화,필러플라워,,,9800,,1,,,
,,알스트로메리아 오렌지퀸,생화,필러플라워,,,9200,오렌지,1,,,
,,알스트로메리아 오렌지퀸 (콜롬비아),생화,필러플라워,,,9800,오렌지,1,월드플로라,,
,,알스트로메리아 피치 피피,생화,필러플라워,,기타,7500,핑크,1,월드플로라,,
,,알스트로메리아 피치 피피,생화,필러플라워,,,9200,핑크,1,,,
,,알스트로메리아 핑크,생화,필러플라워,,기타,8000,핑크,1,꽃동산-양재,,
,,여인초 완제 대,식물,관엽대형,,,58000,,1,,,
,,열매봉 10cm,조화,소재(그린),,,9000,,1,,,
,,오니소갈륨 선더시애 화이트,생화,라인플라워,,,9000,흰색,1,,,
,,오렌지 슬라이스 드라이,생화,소재(그린),,,27500,오렌지,1,,,
,,오색돌,소모품 및 부자재,원예자재,,기타,10000,기타,1,유선농원,,
,,오아시스  프리미엄,소모품 및 부자재,기타,,기타,18700,기타,1,헌인자재,,
,,오아시스 프리미엄,소모품 및 부자재,원예자재,,,17000,,1,,,
,,옥시 블루,생화,필러플라워,,,13000,블루,1,,,
,,옥시 화이트,생화,필러플라워,,,5800,흰색,1,,,
,,온디시움 5대,생화,필러플라워,,기타,18048,기타,1,월드플로라,,
,,올라야아미초,생화,필러플라워,,,12000,,1,월드플로라,,
,,올리브나무포트 소,식물,관엽소형,,기타,2500,기타,3,세자매농원,,
,,와트리,생화,필러플라워,,기타,13000,기타,2,파란마을,,
,,왁스플라워 노랑,생화,필러플라워,,,12672,옐로우,2,,,
,,왁스플라워 레드,생화,필러플라워,,기타,14000,레드,1,성남원예,,
,,왁스플라워 레드 (중국),생화,필러플라워,,,13000,레드,2,,,
,,왁스플라워 블루,생화,필러플라워,,,13000,블루,1,,,
,,왁스플라워 연블루 (중국),생화,필러플라워,,기타,13000,블루,1,월드플로라,,
,,왁스플라워 연연라벤더,생화,필러플라워,,,13200,퍼플,1,,,
,,왁스플라워 오렌지,생화,필러플라워,,기타,13000,오렌지,1,월드플로라,,
,,왁스플라워 체리블라썸 핑크,생화,필러플라워,,,12480,핑크,1,,,
,,왁스플라워 핑크,생화,필러플라워,,기타,10800,핑크,2,월드플로라,,
,,왁스플라워 화이트,생화,필러플라워,,,10800,흰색,1,,,
,,용담,생화,라인플라워,,,9000,,1,,,
,,우드스텀프 대,소모품 및 부자재,데코자재,,,4730,,9,,,
,,우드스텀프 소,소모품 및 부자재,데코자재,,,3850,,30,,,
,,우드스텀프 특대,소모품 및 부자재,데코자재,,기타,6050,기타,10,현대데코,,
,,우드슬라이스 3사이즈,소모품 및 부자재,데코자재,,,4400,,6,,,
,,유로스톤03,소모품 및 부자재,원예자재,,기타,9900,기타,6,유선농원,,
,,유로스톤화분 07,소모품 및 부자재,원예자재,,,19800,,2,,,
,,유리실린더10*30,바구니 / 화기,유리,,기타,4000,기타,4,헌인자재,,
,,유채꽃,생화,필러플라워,,,5000,,2,일산플라워,,
,,유카립투스 체리,생화,소재(그린),,기타,13000,기타,7,꽃동산,,
,,유칼립투스 파블로,생화,소재(그린),,,9000,,2,,,
,,은사철,생화,소재(그린),,,6500,,1,,,
,,은행목 포트,식물,관엽소형,,,6000,,2,,,
,,이오난사,식물,관엽소형,,,1000,,5,,,
,,인삼팬더 고무나무 중,식물,관엽중형,,기타,25000,기타,3,채아네,,
,,잎설유,생화,소재(그린),,기타,6000,기타,10,일산플라워,,
,,잎안개,생화,필러플라워,,,6500,,1,,,
,,자나장미,생화,장미류,,기타,20000,기타,1,일산플라워,,
,,작약 사라,생화,폼플라워,,기타,9000,기타,1,월드플로라,,
,,장미  마르시아,생화,장미류,,,9000,,1,,,
,,장미  쥬밀리아,생화,장미류,,기타,11500,기타,1,월드플로라,,
,,장미 - 까르페디엠,생화,장미류,,기타,18500,기타,1,월드플로라,,
,,장미 - 나오미 레드,생화,장미류,,,11500,레드,1,,,
,,장미 - 루비레드,생화,장미류,,기타,18000,레드,1,월드플로라,,
,,장미 - 리바이벌,생화,장미류,,,12500,,1,,,
,,장미 - 머메이드 SP,생화,장미류,,기타,15800,기타,1,월드플로라,,
,,장미 - 몬디알,생화,장미류,,기타,16500,기타,1,월드플로라,,
,,장미 - 미코토 크림 SP,생화,장미류,,기타,18800,흰색,2,월드플로라,,
,,장미 - 블랙뷰티 SP,생화,장미류,,기타,16500,블랙,1,월드플로라,,
,,장미 - 슈가돌,생화,장미류,,기타,16000,기타,1,월드플로라,,
,,장미 - 스타플래티넘,생화,장미류,,기타,15000,기타,3,월드플로라,,
,,장미 - 스프링레이디 상,생화,장미류,,,17500,,1,,,
,,장미 - 시크릿러브 SP,생화,장미류,,기타,15800,기타,1,월드플로라,,
,,장미 - 아발란체 화이트,생화,장미류,,기타,14000,흰색,1,월드플로라,,
,,장미 - 알레그레아 SP 상,생화,장미류,,기타,13000,기타,1,월드플로라,,
,,장미 - 에그타르트 SP,생화,장미류,,기타,20000,기타,1,월드플로라,,
,,장미 - 오렌지크러쉬,생화,장미류,,기타,15500,오렌지,2,월드플로라,,
,,장미 - 올포러브,생화,장미류,,기타,22000,기타,2,월드플로라,,
,,장미 - 웨딩인바이트 SP,생화,장미류,,기타,22000,기타,1,월드플로라,,
,,장미 - 유키히메 SP,생화,장미류,,,20000,,1,,,
,,장미 - 율두스 SP,생화,장미류,,,23500,,1,,,
,,장미 - 줄리엣,생화,장미류,,기타,14000,기타,1,월드플로라,,
,,장미 - 카바레,생화,장미류,,기타,15000,기타,1,월드플로라,,
,,장미 - 캐리,생화,장미류,,기타,15500,기타,1,월드플로라,,
,,장미 - 코랄리프,생화,장미류,,,15000,,1,,,
,,장미 - 티나,생화,장미류,,,11500,,1,,,
,,장미 - 티파니,생화,장미류,,,14000,,1,,,
,,장미 - 프린세스 블러셔 sp,생화,장미류,,기타,18500,기타,1,월드플로라,,
,,장미 - 피치팡팡 SP 상,생화,장미류,,기타,15800,핑크,1,월드플로라,,
,,장미 - 헤라,생화,장미류,,기타,14000,기타,1,월드플로라,,
,,장미 가넷잼 sp,생화,장미류,,,24000,,1,,,
,,장미 고빈다 (콜롬비아),생화,장미류,,기타,16500,기타,1,월드폴로라,,
,,장미 골드트렌디세터,생화,장미류,,기타,14000,옐로우,1,월드플로라,,
,,장미 골든킹,생화,장미류,,,30000,,1,,,
,,장미 골든트랜드세터,생화,장미류,,기타,13000,기타,4,일산플라워,,
,,장미 굿무드 sp,생화,장미류,,,20000,,1,월드플로라,,
,,장미 굿무드외대,생화,장미류,,,14400,,1,,,
,,장미 그레이스켈리,생화,장미류,,,5250,,2,,,
,,장미 기젤라 SP,생화,장미류,,,9000,,1,,,
,,장미 나르샤 SP,생화,장미류,,기타,21600,기타,1,월드플로라,,
,,장미 나이팅게일,생화,장미류,,,8900,,1,,,
,,장미 노비아,생화,장미류,,,15800,,1,,,
,,장미 니코로빈,생화,장미류,,,12500,,1,,,
,,장미 다이에나,생화,장미류,,기타,14400,기타,1,월드플로라,,
,,장미 달리,생화,장미류,,,22800,,1,,,
,,장미 더블데이트,생화,장미류,,,9000,,1,,,
,,장미 데자뷰,생화,장미류,,,15000,,1,,,
,,장미 데자뷰,생화,장미류,,,15800,,2,,,
,,장미 도라,생화,장미류,,,12800,,1,,,
,,장미 드래프트 원 SP,생화,장미류,,,16000,,1,,,
,,장미 드림바비 sp,생화,장미류,,,24000,,1,,,
,,장미 디온sp,생화,장미류,,,7000,,1,,,
,,장미 딥실버,생화,장미류,,,15800,실버,1,,,
,,장미 라가자,생화,장미류,,,15800,,1,,,
,,장미 라미솔,생화,장미류,,,20160,,1,,,
,,장미 라타나,생화,장미류,,,15000,,1,,,
,,장미 러브 SP (중국),생화,장미류,,기타,18800,기타,1,월드플로라,,
,,장미 럭키플로우sp,생화,장미류,,,19200,,1,,,
,,장미 런던아이,생화,장미류,,,12000,,1,,,
,,장미 레드 SP,생화,장미류,,,8000,레드,1,,,
,,장미 로미오,생화,장미류,,,14000,,1,,,
,,장미 루비레드,생화,장미류,,,8000,레드,1,,,
,,장미 리바이벌,생화,장미류,,,12000,,1,,,
,,장미 마더오브펄 (콜롬비아),생화,장미류,,기타,15800,기타,1,월드플로라,,
,,장미 마루시아,생화,장미류,,,10000,,1,일산플라워,,
,,장미 마리포사,생화,장미류,,기타,12000,기타,7,꽃동산,,
,,장미 마릴린먼로,생화,장미류,,기타,11500,기타,1,월드플로라,,
,,장미 마이네리브 SP,생화,장미류,,,18000,,2,,,
,,장미 마이네리브 SP (국산),생화,장미류,,기타,18000,기타,2,월드플로라,,
,,장미 만달라,생화,장미류,,,15000,,1,,,
,,장미 맘마미아,생화,장미류,,,15800,,1,,,
,,장미 매직트랜드세터,생화,장미류,,기타,10000,기타,1,일산플라워,,
,,장미 맨스필드파크SP,생화,장미류,,기타,13000,기타,2,일산플라워,,
,,장미 모멘텀,생화,장미류,,,14000,,1,,,
,,장미 문스톤,생화,장미류,,,17000,,1,,,
,,장미 문워크,생화,장미류,,,10900,,1,,,
,,장미 미스틱오션,생화,장미류,,기타,9300,기타,1,월드플로라,,
,,장미 미스홀랜드,생화,장미류,,,14500,,1,,,
,,장미 미스홀랜드 (국산),생화,장미류,,,15000,,1,월드플로라,,
,,장미 바이올렛 레이디 sp (국산),생화,장미류,,기타,14000,퍼플,1,월드플로라,,
,,장미 반드레오sp,생화,장미류,,,23800,,3,,,
,,장미 발퀴레,생화,장미류,,,14000,,1,,,
,,장미 본본 SP (에콰도르),생화,장미류,,기타,22500,기타,1,월드플로라,,
,,장미 브라이튼,생화,장미류,,,15500,,1,,,
,,장미 블랙뷰티 Sp,생화,장미류,,기타,23040,블랙,1,월드플로라,,
,,장미 블루,생화,장미류,,,20000,블루,1,,,
,,장미 블루드림,생화,장미류,,,17000,블루,1,,,
,,장미 블루밍sp,생화,장미류,,기타,18500,블루,1,월드플로라,,
,,장미 비포선셋 sp,생화,장미류,,,18500,,1,,,
,,장미 비하이브,생화,장미류,,,10000,,1,,,
,,장미 빅토리아,생화,장미류,,기타,13000,기타,1,월드플로라,,
,,장미 빅토리안시크릿,생화,장미류,,,15800,,1,,,
,,장미 빌랑드리 SP,생화,장미류,,,18900,,2,,,
,,장미 사리나 레드,생화,장미류,,,11500,레드,1,,,
,,장미 샤만트 (국산),생화,장미류,,기타,6250,기타,2,월드플로라,,
,,장미 셀레브레이션,생화,장미류,,,12200,,1,,,
,,장미 수스삐로,생화,장미류,,기타,21120,기타,1,월드플로라,,
,,장미 쉘웨이,생화,장미류,,,4000,,1,,,
,,장미 쉬라즈 SP,생화,장미류,,기타,25000,기타,1,월드플로라,,
,,장미 슈가밤,생화,장미류,,,14000,,1,,,
,,장미 스노우블라썸 SP,생화,장미류,,,35000,흰색,1,,,
,,장미 스위트아발란체,생화,장미류,,기타,12960,기타,1,월드플로라,,
,,장미 스윗스타 SP,생화,장미류,,,16500,,1,,,
,,장미 스윗핑크 SP,생화,장미류,,,25000,핑크,2,,,
,,장미 스카이풀스타연핑크sp,생화,장미류,,,23800,핑크,1,,,
,,장미 스타플래티넘,생화,장미류,,기타,15800,기타,1,월드플로라,,
,,장미 스텔링센세이션 sp,생화,장미류,,,13000,,1,,,
,,장미 스틸레토,생화,장미류,,,14000,,1,,,
,,장미 시크릿러브,생화,장미류,,,16500,,1,,,
,,장미 신에블,생화,장미류,,,8000,,1,일산플라워,,
,,장미 실바써니sp,생화,장미류,,,15000,,1,,,
,,장미 썬플로우 sp,생화,장미류,,,15000,,1,,,
,,장미 썸머로망스,생화,장미류,,,14000,,1,,,
,,장미 썸머파티 SP,생화,장미류,,,16000,,1,,,
,,장미 씨씨미카도sp,생화,장미류,,,15000,,4,,,
,,장미 아모니루sp,생화,장미류,,,16500,,1,,,
,,장미 아모르젠피지 SP,생화,장미류,,,19200,,1,,,
,,장미 아발란체 화이트 (중국),생화,장미류,,,12000,흰색,1,,,
,,장미 아약스,생화,장미류,,,11500,,1,,,
,,장미 아프리콧 테라자sp,생화,장미류,,,15840,,1,,,
,,장미 안네슬리,생화,장미류,,,22000,,1,,,
,,장미 어텀파티 SP,생화,장미류,,,18000,,1,,,
,,장미 어피니티,생화,장미류,,,19000,,1,,,
,,장미 언포겟,생화,장미류,,기타,8000,기타,1,일산플라워,,
,,장미 에그타르트sp,생화,장미류,,,13000,,1,,,
,,장미 옐로비치,생화,장미류,,기타,15000,기타,15,J.S플라워,,
,,장미 오렌지골드 SP,생화,장미류,,,15800,옐로우,1,,,
,,장미 오렌지크러쉬,생화,장미류,,,15000,오렌지,1,,,
,,장미 오렌지트랜드세터sp,생화,장미류,,,14000,오렌지,1,,,
,,장미 오렌지트렌드서터 SP,생화,기타,,기타,14000,오렌지,1,월드플로라,,
,,장미 오번가,생화,장미류,,,10000,,1,,,
,,장미 오션퍼플,생화,장미류,,,15840,퍼플,1,,,
,,장미 오션하트 (중국) (월플),생화,장미류,,,12500,,1,,,
,,장미 올드로즈판타지 딸기 sp,생화,장미류,,,16500,,1,,,
,,장미 올드로즈판타지 딸기 sp (중국),생화,장미류,,기타,15800,기타,1,월드플로라,,
,,장미 올포러브,생화,장미류,,,23500,,1,,,
,,장미 왈츠 SP,생화,장미류,,,18800,,1,,,
,,장미 요요 sp,생화,장미류,,,7000,,2,,,
,,장미 웨딩드레스 sp,생화,장미류,,,18048,,1,,,
,,장미 웨딩인바이트,생화,장미류,,기타,16000,기타,2,일산플라워,,
,,장미 웨딩인바이트 SP,생화,장미류,,기타,25000,기타,1,월드플로라,,
,,장미 윙크알루어 sp,생화,장미류,,,19200,,1,,,
,,장미 율두스,생화,장미류,,,6000,,2,,,
,,장미 율두스 SP,생화,장미류,,기타,18800,옐로우,1,월드플로라,,
,,장미 이벳 sp,생화,장미류,,기타,11000,기타,1,일산플라워,,
,,장미 제제벨 sp,생화,장미류,,,19500,,1,,,
,,장미 줄리에타(줄리엣)SP,생화,장미류,,기타,10000,기타,2,일산플라워,,
,,장미 쥬밀리아,생화,장미류,,,12400,,546,,,
,,장미 쥬시테라자 SP,생화,장미류,,,22560,,1,,,
,,장미 치어걸sp,생화,장미류,,,15840,,1,,,
,,장미 카탈리나,생화,장미류,,기타,19900,기타,1,꽃도매119,,
,,장미 카팅카 SP,생화,장미류,,,17500,,1,,,
,,장미 캔들라이트,생화,장미류,,,16000,,1,,,
,,장미 컨틀리블루스,생화,장미류,,,19000,블루,2,,,
,,장미 케이라,생화,장미류,,,14000,,1,,,
,,장미 코랄테라자,생화,장미류,,,16500,,1,,,
,,장미 코럴리프,생화,장미류,,기타,15000,기타,1,JS플라워,,
,,장미 클라린스,생화,장미류,,기타,8000,기타,2,월드플로라,,
,,장미 킴벌리,생화,장미류,,,15000,,1,,,
,,장미 킹스데이,생화,장미류,,,10900,,1,,,
,,장미 킹스데이 오렌지,생화,장미류,,,9300,오렌지,1,,,
,,장미 타이니크 (중국),생화,장미류,,,11500,,1,,,
,,장미 티나,생화,장미류,,,12000,,1,,,
,,장미 퍼플스커트 SP (중국) (월플),생화,장미류,,,16500,퍼플,1,,,
,,장미 페어리키스sp,생화,장미류,,,18500,,1,,,
,,장미 푸에고,생화,장미류,,,15000,,1,,,
,,장미 프리덤,생화,장미류,,,17000,,1,,,
,,장미 프리스피릿,생화,장미류,,,10900,,1,,,
,,장미 프린세스 미스틱sp ,생화,장미류,,기타,18048,기타,2,월드플로라,,
,,장미 프린세스 블러셔sp,생화,장미류,,,18500,,1,,,
,,장미 피노키오,생화,장미류,,,21000,,2,,,
,,장미 피치테라자,생화,장미류,,기타,15800,핑크,1,월드플로라,,
,,장미 피치테라자 SP,생화,장미류,,,16500,핑크,1,,,
,,장미 피치팡팡 SP,생화,장미류,,,20000,핑크,1,월드플로라,,
,,장미 핑크아미,생화,장미류,,,21800,핑크,1,,,
,,장미 핑크오하라,생화,장미류,,,10900,핑크,1,,,
,,장미 핑크오하라 (중국),생화,장미류,,,12500,핑크,1,,,
,,장미 핑크파티,생화,장미류,,,7900,핑크,1,,,
,,장미 하젤,생화,장미류,,,12200,,1,,,
,,장미 하젤,생화,장미류,,기타,9910,핑크,1,꽃도매119,,
,,장미 핫블러드,생화,장미류,,기타,10500,기타,2,월드플로라,,
,,장미 해라,생화,장미류,,,9800,,1,,,
,,장미 햇살,생화,장미류,,기타,11520,기타,1,월드플로라,,
,,장미 햇살 sp,생화,장미류,,기타,22600,기타,1,꽃도매119,,
,,장미 헤르모사,생화,장미류,,,16500,,1,,,
,,장미 화이트 오하라,생화,장미류,,,10900,흰색,1,,,
,,장미 화이트버블sp,생화,장미류,,,17760,흰색,3,,,
,,장미 화이트쉼머,생화,장미류,,기타,15840,흰색,2,월드플로라,,
,,장미 화이트아발란체,생화,장미류,,,8900,흰색,1,,,
,,장미 화이트아발란체,생화,장미류,,기타,8900,흰색,1,월드플로라,,
,,장미 화이트오하라,생화,장미류,,,8900,흰색,1,,,
,,장미퀘스트,생화,장미류,,기타,7.75E+03,기타,1,꽃도매119,,
,,죽백 분화 포트,식물,관엽소형,,,2500,,4,,,
,,준쿠스,식물,관엽소형,,,13000,,2,,,
,,줄맨드라미 - 그린,생화,라인플라워,,기타,9000,그린,1,월드플로라,,
,,줄맨드라미 레드,생화,라인플라워,,,14500,레드,1,,,
,,지리홍 분화,식물,관엽소형,,,3500,,4,,,
,,진기토 분갈이흙,소모품 및 부자재,원예자재,,,5250,,1,,,
,,진주가란드,소모품 및 부자재,데코자재,,기타,6600,기타,6,마티아,,
,,천냥금 포트,식물,관엽소형,,,2000,,2,,,
,,천일홍,생화,라인플라워,,기타,5000,기타,1,일산플라워,,
,,천일홍 - 화이트,생화,라인플라워,,기타,6000,흰색,1,일산플라워,,
,,천일홍 레드,생화,라인플라워,,,6000,레드,1,,,
,,천일홍 보라,생화,라인플라워,,,6500,퍼플,1,,,
,,천일홍 화이트,생화,라인플라워,,,6000,흰색,1,,,
,,천조초,생화,필러플라워,,,9000,,2,일산플라워,,
,,철사,소모품 및 부자재,데코자재,,,5500,,1,,,
,,철제 메세지픽,소모품 및 부자재,데코자재,,,1310,,10,,,
,,청공작,생화,필러플라워,,기타,8000,기타,2,일산플라워,,
,,청아이비 포트,식물,관엽소형,,,2000,,2,,,
,,촛불 맨드라미 쉘웨이 오렌지,생화,필러플라워,,기타,8000,오렌지,1,월드플로라,,
,,춘봉,식물,관엽소형,,기타,7000,기타,2,수립원,,
,,측백,식물,관엽소형,,,2500,,1,,,
,,측백,식물,관엽소형,,,7000,,1,,,
,,층꽃 - 화이트,생화,라인플라워,,기타,15000,흰색,1,월드플로라,,
,,층꽃 보라,생화,라인플라워,,,12000,퍼플,1,,,
,,층꽃 핑크,생화,라인플라워,,,13000,핑크,1,,,
,,카네이션  염색 블루킹,생화,카네이션류,,,14500,블루,1,,,
,,카네이션 - 머스탱,생화,카네이션류,,기타,10500,기타,1,월드플로라,,
,,카네이션 - 애플티,생화,카네이션류,,기타,14000,기타,1,월드플로라,,
,,카네이션 - 염색 코스모라일락,생화,카네이션류,,기타,15000,기타,1,월드플로라,,
,,카네이션 -유카리체리,생화,카네이션류,,기타,13000,기타,1,꽃동산,,
,,카네이션 노비아,생화,카네이션류,,,13000,,1,,,
,,카네이션 돈셀,생화,카네이션류,,,8900,,1,,,
,,카네이션 레드,생화,카네이션류,,1단,4500,레드,200,플라워팜,,
,,카네이션 문라이트,생화,카네이션류,,,12500,,1,,,
,,카네이션 버건디,생화,카네이션류,,,13000,,1,,,
,,카네이션 보라,생화,카네이션류,,,15000,퍼플,1,꽃동산,,
,,카네이션 블루,생화,카네이션류,,,16000,블루,1,,,
,,카네이션 연핑크 SP,생화,카네이션류,,,10500,핑크,1,,,
,,카네이션 염색 인디,생화,카네이션류,,,15500,,1,,,
,,카네이션 크림,생화,카네이션류,,,5000,흰색,1,,,
,,카네이션-옐로우,생화,카네이션류,,,13000,옐로우,1,,,
,,카네이션포트 레드,식물,관엽소형,,,4500,레드,20,,,
,,카라 벤튜라 화이트,생화,폼플라워,,,7800,흰색,1,,,
,,카라 선셋패션 5대,생화,폼플라워,,기타,15840,기타,2,월드플로라,,
,,카라 연핑크,생화,폼플라워,,,5000,핑크,2,,,
,,카라 옐로우,생화,폼플라워,,,13000,옐로우,2,,,
,,카라 오렌지,생화,폼플라워,,,8000,오렌지,1,,,
,,카라 와인,생화,폼플라워,,,13000,,10,,,
,,카라 화이트 (국산),생화,폼플라워,,기타,16500,흰색,3,월드플로라,,
,,칼라벤자민 포트,식물,관엽중형,,,6000,,2,,,
,,칼라스프레이-아이스블루,소모품 및 부자재,데코자재,,,6050,블루,1,,,
,,캄파눌라 라벤더,생화,라인플라워,,,7500,퍼플,1,,,
,,커피나무 포트,식물,관엽소형,,,2000,,4,,,
,,코스모스 - 오렌지,생화,폼플라워,,기타,10000,오렌지,1,월드플로라,,
,,코스모스 - 화이트 홑,생화,폼플라워,,,9000,흰색,1,,,
,,코스모스 핑크,생화,폼플라워,,,10560,핑크,1,,,
,,코스모스 화이트,생화,폼플라워,,,1.02E+04,흰색,1,,,
,,콤팩타 분화(완),식물,관엽중형,,,25000,,1,,,
,,콩고 포트,식물,관엽중형,,기타,6000,기타,2,세종식물원,,
,,쿠르쿠마 화이트,생화,폼플라워,,,10000,흰색,7,,,
,,크로톤 포트,식물,관엽소형,,기타,2500,기타,2,세자매농원-과천,,
,,크로톤 포트 소,식물,관엽소형,,,2500,,2,,,
,,크루시아,식물,관엽소형,,,2000,,8,,,
,,클레마티스 어메이징런던,생화,폼플라워,,,9600,,1,,,
,,타마린드 포트,식물,관엽중형,,,17000,,1,,,
,,테라조화분,바구니 / 화기,테라조,,기타,12000,기타,15,제이앤데코,,
,,테이블데코쌍장,식물,관엽소형,,,990,,5,,,
,,테이블야자,식물,관엽소형,,기타,1500,기타,4,진성농원,,
,,투명창 w5쇼핑백,소모품 및 부자재,기타,,기타,715,기타,20,헌인자재,,
,,툴립 더블 레드프린세스,생화,폼플라워,,,17760,레드,1,,,
,,튤립 겹 오렌지,생화,폼플라워,,,13000,오렌지,1,,,
,,튤립 노랑,생화,폼플라워,,,15000,옐로우,4,,,
,,튤립 노비썬 (국산),생화,폼플라워,,기타,16500,기타,1,월드플로라,,
,,튤립 레드,생화,폼플라워,,,15000,레드,1,,,
,,튤립 레드 (국산),생화,폼플라워,,,22000,레드,1,월드플로라,,
,,튤립 살몬,생화,폼플라워,,,15000,,2,,,
,,튤립 스트롱골드 노랑,생화,폼플라워,,기타,16512,옐로우,1,월드플로라,,
,,튤립 시시,생화,폼플라워,,,18500,,1,,,
,,튤립 안타르티카,생화,폼플라워,,,20000,,1,,,
,,튤립 에드램_주황망고,생화,폼플라워,,,15800,오렌지,1,,,
,,튤립 주황망고 (국산),생화,폼플라워,,,20000,오렌지,1,월드플로라,,
,,튤립 캔디프린스,생화,폼플라워,,기타,10000,기타,1,월드플로라,,
,,튤립 프랑스 레드,생화,폼플라워,,,18000,레드,1,,,
,,튤립 핑크,생화,폼플라워,,,11000,핑크,1,,,
,,튤립 핑크별튤립,생화,폼플라워,,,14000,핑크,2,,,
,,튤립 화이트,생화,폼플라워,,기타,13000,흰색,3,희플라워,,
,,튤립스팟온,생화,폼플라워,,기타,6237,기타,1,꽃도매119,,
,,트리플륨,생화,폼플라워,,,4000,보라,1,,,
,,파키라 분화,식물,관엽중형,,,12000,,7,,,
,,패니쿰,생화,소재(그린),,기타,4000,기타,1,밝은꿈-양재,,
,,팬다 완제,식물,관엽중형,,,35000,,2,,,
,,팻츠헤데라 포트 소  담쟁이과,식물,관엽소형,,,4000,,2,,,
,,페페 분화,식물,관엽소형,,,2000,,2,,,
,,펜더고무나무(완),식물,관엽중형,,,25000,,2,,,
,,포리주자 1.5,소모품 및 부자재,"리본/텍,",,,3300,,3,,,
,,포리주자 2.5,소모품 및 부자재,"리본/텍,",,기타,3500,기타,6,헌인자재,,
,,포리주자 4.0,소모품 및 부자재,"리본/텍,",,,5500,,3,,,
,,포인세티아,식물,관엽중품,,,2500,,5,,,
,,포인세티아 레드 포트,식물,관엽중품,,기타,2700,레드,5,진성농원,,
,,프랑스고무나무 포트,식물,관엽중형,,,12000,,2,,,
,,프랑스고무나무 포트,식물,관엽중품,,,12000,,2,,,
,,프랜즈,소모품 및 부자재,포장재,,,4500,,3,,,
,,프렌치 메리골드,생화,폼플라워,,,8000,옐로우,1,,,
,,프리미엄수국,생화,라인플라워,,기타,6930,기타,6,디자인쁘랭땅,,
,,프리지아 노랑,생화,라인플라워,,기타,25000,옐로우,1,월드플로라,,
,,프리지아 보라,생화,라인플라워,,,16000,퍼플,1,,,
,,플러드 2,소모품 및 부자재,포장재,,,4950,,5,,,
,,플러드 더블,소모품 및 부자재,포장재,,기타,6500,기타,6,헌인자재-헌인,,
,,플러드지 더블,소모품 및 부자재,포장재,,기타,7150,기타,6,헌인자재,,
,,플로라라이프5ml,소모품 및 부자재,원예자재,,,16500,,1,,,
,,피오니 퐁퐁 염색 파스텔블루,생화,국화류,,기타,9900,블루,1,월드플로라,,
,,피오니퐁퐁 - 염색 연피치,생화,국화류,,기타,11500,핑크,1,월드플로라,,
,,피오니퐁퐁 - 염색 퍼플 5대,생화,국화류,,기타,11500,퍼플,1,월드플로라,,
,,피오니퐁퐁 염색 파스텔블루,생화,국화류,,,13000,블루,1,월드플로라,,
,,피오니퐁퐁 염색 화이트블루,생화,국화류,,기타,11232,흰색,1,월드플로라,,
,,피오니퐁퐁 퍼플파스텔,생화,국화류,,기타,11520,퍼플,1,월드플로라,,
,,피오레,소모품 및 부자재,포장재,,,4500,,1,,,
,,피토니아-레드스타 포트,식물,관엽소형,,기타,2000,레드,2,진성농원,,
,,피토니아-화이트 스타 포트,식물,관엽소형,,기타,2000,레드,2,진성농원,,
,,핑크부바르디아,생화,필러플라워,,기타,8000,핑크,1,일산플라워-양재,,
,,핑크수국,생화,폼플라워,,기타,5000,핑크,2,일산플라워,,
,,핑크카네이션포트,생화,카네이션류,,,5000,핑크,20,,,
,,핑크화분,바구니 / 화기,도자기,,,5500,핑크,20,,,
,,하이베리콤,생화,필러플라워,,,15000,,5,,,
,,하이퍼영양제,소모품 및 부자재,원예자재,,,4000,,10,,,
,,하트꼬지,소모품 및 부자재,데코자재,,기타,1200,기타,3,헌인자재,,
,,하트유카리,생화,소재(그린),,,7000,,2,,,
,,하트호야,식물,관엽소형,,,3000,,3,,,
,,한겹보자기,소모품 및 부자재,데코자재,,,2750,,3,,,
,,해바라기,생화,폼플라워,,기타,5800,기타,1,월드플로라,,
,,해바라기 겹,생화,폼플라워,,,5000,,1,,,
,,해바라기 테디베어,생화,폼플라워,,,6000,,2,,,
,,해바라기 테디베어 레몬,생화,폼플라워,,,7500,,1,,,
,,해바라기 테디베어 오렌지,생화,폼플라워,,기타,9000,오렌지,1,월드플로라,,
,,핸드워시리필,소모품 및 부자재,기타,,,2000,,1,,,
,,핸드페인팅 화기  1181(동양소),바구니 / 화기,도자기,,,12100,,2,,,
,,핸드페인팅 화기  1191 민트,바구니 / 화기,도자기,,기타,18700,기타,2,현대데코,,
,,핸드페인팅 화기 003SW,바구니 / 화기,도자기,,,16000,,8,기타,,
,,핸드페인팅 화기 1191 옐로우,바구니 / 화기,도자기,,,18700,옐로우,1,,,
,,핸드페인팅화기1176(천사타원형),바구니 / 화기,도자기,,기타,18700,기타,1,현대데코,,
,,핸드프린팅 화기 1174,바구니  / 화기,도자기,,기타,26400,기타,2,현대데코,,
,,핸드프린팅 화기 1174-2,바구니 / 화기,도자기,,,26400,,2,,,
,,핸드프린팅 화기 1176,바구니 / 화기,도자기,,,18700,,2,,,
,,핸드프린팅 화기 2080,바구니  / 화기,도자기,,,19800,,2,,,
,,핸드프린팅 화기 2082,바구니  / 화기,도자기,,기타,18700,기타,2,현대데코,,
,,햇바스켓 라벤더 - 대,바구니 / 화기,바구니,,기타,6050,퍼플,2,현대데코,,
,,햇바스켓 베이직 - 중,바구니 / 화기,바구니,,,4950,,2,,,
,,햇바스켓 연블루 - 대,바구니 / 화기,바구니,,기타,6050,블루,3,현대데코,,
,,햇박스-대,바구니 / 화기,바구니,,,6050,,10,,,
,,행운목 포트,식물,관엽중형,,,18000,,1,,,
,,향등골 (국산),생화,필러플라워,,기타,11500,기타,1,월드플로라,,
,,헤라,생화,필러플라워,,,5000,,1,,,
,,헬레늄,생화,필러플라워,,기타,5000,기타,46,일산플라워,,
,,헬레보루스,생화,필러플라워,,기타,15000,기타,1,타우블,,
,,헬리옵시스,생화,필러플라워,,,7000,,1,,,
,,헷바스켓 라벤더 - 중,바구니 / 화기,바구니,,,4950,퍼플,3,,,
,,호야 포트 소,식물,관엽소형,,,2000,,4,,,
,,호접난 포트 ,식물,서양란,,,7500,,1,,,
,,홍가시,생화,소재(그린),,기타,6000,기타,1,대명소재,,
,,홍콩야자 포트 중,식물,관엽중형,,,13000,,1,,,
,,홍콩야자나무 포트 칼라홍콩,식물,관엽소형,,,2000,,2,,,
,,화분 521,바구니  / 화기,도자기,,기타,4000,기타,20,하모화분,,
,,화분 524,바구니  / 화기,도자기,,,2500,,30,,,
,,화분 골드라인 블랙 대,바구니  / 화기,도자기,,,5250,옐로우,10,,,
,,화분 골드라인 블랙 중,바구니  / 화기,도자기,,기타,3150,옐로우,12,제이앤데코,,
,,화분 골드라인 화이트 중,바구니  / 화기,도자기,,기타,3000,흰색,60,제이앤데코,,
,,화분 골드라인화분 화이트 대,바구니  / 화기,도자기,,,5000,흰색,34,,,
,,화분 소 스트라이프,바구니  / 화기,도자기,,,4000,,20,하모화분,,
,,화산석 5-10,소모품 및 부자재,원예자재,,,9000,,1,,,
,,화산석1cm,소모품 및 부자재,원예자재,,,9000,,1,,,
,,화시아타,식물,관엽중형,,,30000,,1,핑크,,
,,화시아타(완),식물,관엽중형,,,30000,,4,,,
,,화시아타포트,식물,관엽중형,,기타,12000,기타,1,강남농원,,
,,화이트튤립,생화,폼플라워,,기타,15000,흰색,1,성남원예,,
,,화이트퐁퐁,생화,국화류,,,5000,흰색,1,,,
,,황룡투각,식물,동양란,,,20000,,2,,,
,,후룩스 화이트,생화,필러플라워,,,7000,흰색,1,,,
,,휘커스움베르타 분화,식물,관엽중형,,,7000,,5,,,
,,휘커스움베르타-유로스톤,식물,관엽중형,,기타,25000,기타,2,채아네가든,,
,,휘토니아,식물,관엽소형,,,2500,,4,,,
,,휘토니아그린(포트),식물,관엽소형,,,2300,그린,2,,,
,,휘토니아레드(포트),식물,관엽소형,,,2300,레드,2,,,
,,히메 몬스테라,식물,관엽소형,,기타,3000,기타,2,강남농원,,
,,히야신스 블루퓨처,생화,폼플라워,,기타,14000,블루,1,월드플로라,,
,,히야신스 스카이자켓 연블루,생화,폼플라워,,기타,13440,블루,1,월드플로라,,
,,히야신스 폰던트 연핑크,원재료,기타,,,13440,핑크,1,,,
,,H원 10x10 화병,바구니 및 부자재,유리,,,3000,,10,,,
,,OPP더블58CM,소모품 및 부자재,포장재,,,14000,,2,,,
,,opp라지,소모품 및 부자재,포장재,,기타,10500,기타,1,헌인자재,,
,,OPP롤 58cm,소모품 및 부자재,포장재,,,0,,0,,,
,,OPP롤 58cm,소모품 및 부자재,포장재,,,0,,0,,,
,,OPP롤 더블 58cm,소모품 및 부자재,포장재,,,0,,0,,,
,,OPP롤 더블 58cm,소모품 및 부자재,포장재,,,0,,0,,,
,,장미 산토리니,생화,장미류,,기타,7000,기타,1,일산플라워,,
,,장미 오렌지,생화,장미류,,,10000,오렌지,1,,,
,,장미  코랄,생화,장미류,,기타,14000,기타,1,일산플라워,,